Month,Gold Ounces,Gold Volume,Gold Transfers,Silver Ounces,Silver Volume,Silver Transfers,name,open,high,low,close,BTC Volume,marketCap,timestamp
2024-09,17.2,44.2,"5,663",227.2,6.8,"2,878",BTC,58969.7994536059,66480.6947101072,52598.6996623841,63329.4981294766,935.2,1251461875405.87,2024-09-30T23:59:59.999Z
2024-08,18.2,44.9,"6,643",215.6,6.1,"2,455",BTC,64625.8404447144,65593.244771184,49121.2373775943,58969.8983660431,1076.5,1164522862133.13,2024-08-31T23:59:59.999Z
2024-07,16.4,39.3,"5,270",229.9,6.8,"2,607",BTC,62673.6063386528,69987.5422080099,53717.3754334207,64619.2496492185,953.4,1275323104043.98,2024-07-31T23:59:59.999Z
2024-06,16.7,38.9,"4,894",236.4,7.0,"2,830",BTC,67489.6117770498,71907.8489829092,58601.7000722967,62678.292079457,751.7,1235944779945.39,2024-06-30T23:59:59.999Z
2024-05,16.3,38.3,"4,662",239.7,7.5,"3,397",BTC,60609.4979456889,71946.462688481,56555.2940546252,67491.4170108375,874.3,1329961627933.33,2024-05-31T23:59:59.999Z
2024-04,18.8,43.9,"5,588",277.8,7.7,"3,247",BTC,71333.4847168797,72715.3596085505,59120.0680465683,60636.8567800147,1016.1,1193544962108.24,2024-04-30T23:59:59.999Z
2024-03,19.9,42.9,"5,180",292.2,7.1,"2,319",BTC,61168.0624293716,73750.07385038,59323.9089421326,71333.6479258644,1446.4,1403108244335.61,2024-03-31T23:59:59.999Z
2024-02,17.8,36.0,"4,593",231.5,5.3,"1,411",BTC,42569.7613984399,63913.1318135774,41879.1899911815,61198.382897303,830.7,1202008882583.53,2024-02-29T23:59:59.999Z
2024-01,20.3,41.3,"5,014",223.5,5.13,"1,302",BTC,42280.2352761923,48969.3713995297,38521.8938882205,42582.6063895367,825.9,835231465697.41,2024-01-31T23:59:59.999Z
2023-12,21.8,44.3,"4,711",218.1,5.23,"1,569",BTC,37718.0096264496,44705.5150094178,37629.3589120492,42265.185654866,721.7,827811209384.42,2023-12-31T23:59:59.999Z
2023-11,17.1,34.0,"5,222",197.8,4.63,"1,671",BTC,34657.275324496,38415.3381982376,34133.4396153842,37712.7477716325,570.9,737560917365.82,2023-11-30T23:59:59.999Z
2023-10,17.3,33.1,"4,727",212.6,4.75,"1,326",BTC,26967.3974331494,35150.4334987547,26558.320783999,34667.7793605467,476.4,677047621125.28,2023-10-31T23:59:59.999Z
2023-09,16.3,31.3,"4,113",234.9,5.46,"1,498",BTC,25934.0208061586,27488.7638021952,24930.2974941684,26967.9163010637,337.6,525885640459.76,2023-09-30T23:59:59.999Z
2023-08,16.8,32.2,"4,184",247.0,5.79,"1,567",BTC,29230.8724049903,30176.7962374838,25409.1116027686,25931.4728933574,437.7,504957555550.64,2023-08-31T23:59:59.999Z
2023-07,16.7,32.6,"4,141",243.3,5.85,"1,710",BTC,30471.8475630488,31814.5148120678,28934.2941602457,29230.110878649,382.2,568365621732.67,2023-07-31T23:59:59.999Z
2023-06,17.2,33.4,"4,427",236.5,5.54,"1,701",BTC,27218.4123755644,31389.5381281357,24797.1678486154,30477.2512822446,481.7,591758288455.82,2023-06-30T23:59:59.999Z
2023-05,19.0,37.8,"4,963",243.3,5.87,"1,914",BTC,29227.1039819099,29820.1266220765,25878.428829536,27219.6586081109,443.5,527773175252.01,2023-05-31T23:59:59.999Z
2023-04,20.5,41.0,"4,715",298.4,7.46,"2,455",BTC,28473.3318011971,31005.6080444729,27070.8494995525,29268.8070431626,531.1,566661285145.37,2023-04-30T23:59:59.999Z
2023-03,18.7,35.8,"4,798",302.4,6.63,"1,840",BTC,23150.9299581785,29159.9026178662,19628.2543094205,28478.4846056804,883.3,550593053896.62,2023-03-31T23:59:59.999Z
2023-02,17.7,32.8,"4,313",269.6,5.93,"1,847",BTC,23137.8351361505,25134.1173501961,21460.0885038644,23147.3533899085,724.0,446846764116.35,2023-02-28T23:59:59.999Z
2023-01,17.7,33.6,"4,063",247.6,5.88,"1,870",BTC,16547.9143978715,23919.8897614092,16521.233430529,23139.2839099123,690.9,446082285297.19,2023-01-31T23:59:59.999Z
2022-12,21.2,38.0,"3,859",243.3,5.65,"2,062",BTC,17168.0021376253,18318.530584361,16398.1362516753,16547.4953660162,567.3,318516317872.25,2022-12-31T23:59:59.999Z
2022-11,18.5,31.9,"3,669",238.1,5.0,"1,735",BTC,20494.8976229392,21446.8860966908,15599.0471753829,17168.5655484864,1224.5,329997633644.39,2022-11-30T23:59:59.999Z
2022-10,18.3,30.4,"4,257",242.4,4.69,"1,585",BTC,19431.1049459172,20988.3944704236,18319.8226296141,20495.7742320325,957.9,393413045572.67,2022-10-31T23:59:59.999Z
2022-09,19.5,32.9,"4,524",255.5,4.81,"1,528",BTC,20050.4986698419,22673.8197662856,18290.315188225,19431.7894465994,1123.3,372414733487.45,2022-09-30T23:59:59.999Z
2022-08,19.3,34.1,"4,517",244.2,4.82,"1,497",BTC,23336.7180518604,25135.5903960686,19600.7850348256,20049.7631893726,894.2,383710102294.98,2022-08-31T23:59:59.999Z
2022-07,21.9,38.0,"4,819",222.9,4.25,"1,256",BTC,19820.4704741998,24572.5794217469,18966.9506341661,23336.8956049843,927.6,445941074223.04,2022-07-31T23:59:59.999Z
2022-06,19.9,36.5,"5,327",242.3,5.21,"1,807",BTC,31792.5538087129,31957.2843170438,17708.6237125896,19784.7264946249,923.9,377526215552.49,2022-06-30T23:59:59.999Z
2022-05,18.3,33.7,"5,122",243.9,5.34,"1,798",BTC,37713.265089741,39902.9502136511,26350.4901742248,31792.3099432754,1089.4,605797887876.49,2022-05-31T23:59:59.999Z
2022-04,18.2,35.2,"4,605",233.3,5.73,"1,620",BTC,45554.1638120546,47313.4768544721,37697.9427790922,37714.875545299,830.1,717596901508.72,2022-04-30T23:59:59.999Z
2022-03,19.6,38.2,"5,347",233.7,5.9,"2,026",BTC,43194.5042113042,48086.8367491568,37260.2017138385,45538.6769223388,830.9,865202119215.74,2022-03-31T23:59:59.999Z
2022-02,17.2,31.8,"4,529",191.2,4.49,"1,641",BTC,38481.7653685119,45661.1731433747,34459.2177282867,43193.2340330233,671.3,819414782676.49,2022-02-28T23:59:59.999Z
2022-01,18.0,32.7,"4,619",201.0,4.65,"1,646",BTC,46311.744663041,47881.4062331606,33184.0595656615,38483.126309273,924.0,729073641687.68,2022-01-31T23:59:59.999Z
2021-12,15.8,28.3,"4,453",208.9,4.69,"1,452",BTC,56907.9667338266,59041.6852434855,42874.6168583905,46306.4461226996,957.0,875939356678.79,2021-12-31T23:59:59.999Z
2021-11,14.6,26.5,"4,095",171.6,4.15,"1,424",BTC,61320.4494915952,68789.6259389221,53569.7639630968,57005.4254735998,1053.3,1076689232562.09,2021-11-30T23:59:59.999Z
2021-10,15.2,26.9,"3,951",192.8,4.49,"1,510",BTC,43816.7406442989,66930.3872709899,43320.0229785376,61318.957766606,1153.1,1156485845063.1,2021-10-31T23:59:59.999Z
2021-09,14.2,25.2,"3,989",179.7,4.19,"1,511",BTC,47099.77486941,52853.7637963,39787.6097979604,43790.8956254849,1102.1,824619217607.52,2021-09-30T23:59:59.999Z
2021-08,16.4,29.2,"3,725",214.4,5.15,"1,514",BTC,41460.84408133,50482.07640834,37458.00399335,47166.68794545,1065.6,886869903602.64,2021-08-31T23:59:59.999Z
2021-07,15.4,27.9,"3,440",221.1,5.69,"1,538",BTC,35035.98271227,42235.54770874,29360.95583827,41626.19567624,878.0,781431379811.19,2021-07-31T23:59:59.999Z
2021-06,18.1,33.3,"4,713",256.8,6.93,"1,943",BTC,37293.79237447,41295.26857449,28893.62165844,35040.83724889,1189.6,656852513237.54,2021-06-30T23:59:59.999Z
2021-05,18.0,33.3,"4,447",265.7,7.3,"1,830",BTC,57714.66485835,59519.35442559,30681.49691178,37332.85368874,1976.6,698990486184.97,2021-05-31T23:59:59.999Z
2021-04,18.6,32.8,"4,381",227.2,5.83,"1,749",BTC,58926.56414734,64863.0989077,47159.48584083,57750.17734563,1844.5,1079669884319.7,2021-04-30T23:59:59.999Z
2021-03,19.9,34.3,"5,446",263.6,6.75,"2,155",BTC,45159.50305253,61683.86401412,45115.09311478,58918.83271375,1681.2,1100016786762.56,2021-03-31T23:59:59.999Z
2021-02,18.8,34.1,"4,650",336.2,9.2,"2,737",BTC,33114.57724298,58330.57214185,32384.22810648,45137.77046805,2267.2,841428977514.57,2021-02-28T23:59:59.999Z
2021-01,18.8,35.1,"4,669",258.6,6.7,"1,898",BTC,28994.00891641,41946.73935079,28722.75527058,33114.35774753,2153.5,616452744533.29,2021-01-31T23:59:59.999Z
2020-12,18.9,35.1,"4,372",266.1,6.62,"1,977",BTC,19633.77044727,29244.87668786,17619.53238938,29001.71982218,1212.3,539051138107.79,2020-12-31T23:59:59.999Z
2020-11,18.4,34.2,"5,111",255.1,6.13,"1,919",BTC,13780.99480514,19749.26369425,13243.159866,19625.83502949,1140.9,364229729425.88,2020-11-30T23:59:59.999Z
2020-10,15.8,30.0,"4,156",226.7,5.5,"1,497",BTC,10795.25474253,14028.21429317,10416.68920469,13780.99470249,1050.9,255372071116.28,2020-10-31T23:59:59.999Z
2020-09,18.8,36.2,"4,670",288.9,7.48,"2,269",BTC,10802.03547482,12059.87014159,9901.90575533,10784.49157795,1174.8,199556965503.78,2020-09-30T23:59:59.999Z
2020-08,22.1,43.5,"5,077",339.3,9.12,"3,087",BTC,11382.78588591,13149.69444935,104.61895563,10804.94121976,554.1,199630473235.11,2020-08-31T23:59:59.999Z
2020-07,19.2,35.4,"4,096",316.0,6.45,"2,392",BTC,9145.98505502,11415.8638958,8977.01563525,11323.4664207,23.2,208895308529.07,2020-07-31T23:59:59.999Z
2020-06,20.6,35.7,"4,211",276.8,4.9,"1,895",BTC,9463.6056622,10199.5649719,8975.52585473,9137.99340026,15.7,168315606321.29,2020-06-30T23:59:59.999Z
2020-05,22.3,38.3,"3,900",295.5,4.8,"2,224",BTC,8672.7819143,9996.74335304,8374.32297508,9461.05891806,27.8,173997151929.68,2020-05-31T23:59:59.999Z
2020-04,23.9,40.2,"4,372",281.2,4.23,"1,817",BTC,6437.31921486,9440.65067326,6202.37351173,8658.55417975,67.0,158922133909.09,2020-04-30T23:59:59.999Z
2020-03,29.2,46.4,"6,573",431.5,6.44,"2,461",BTC,8599.7583441,9167.69579623,4106.98075029,6438.64476637,32.8,117814077266.54,2020-03-31T23:59:59.999Z
2020-02,21.4,34.2,"4,199",299.9,5.37,"1,442",BTC,9346.35762761,10457.6271997,8492.93215312,8599.50861972,35.8,156895988083.74,2020-02-29T23:59:59.999Z
2020-01,19.4,30.2,"3,832",272.1,4.89,"1,190",BTC,7194.89197053,9553.12613251,6914.99590793,9350.52936518,29.4,170112778161.32,2020-01-31T23:59:59.999Z
2019-12,20.9,30.9,"3,392",320.7,5.49,"1,149",BTC,7571.61619421,7743.43172474,6540.04927709,7193.59897843,21.2,130446112598.42,2019-12-31T23:59:59.999Z
2019-11,19.7,29.0,"3,621",276.8,4.76,"1,053",BTC,9193.99198943,9505.05167619,6617.1670508,7569.63012202,17.2,136829391048.65,2019-11-30T23:59:59.999Z
2019-10,17.3,25.8,"3,393",244.7,4.31,"1,113",BTC,8299.72110496,10021.743983,7446.98855091,9199.58483269,26.6,165804227834.59,2019-10-31T23:59:59.999Z
2019-09,19.8,30.0,"4,026",252.9,4.6,"1,682",BTC,9630.59319616,10898.7621803,7830.75876126,8293.86774062,17.1,149011567415.16,2019-09-30T23:59:59.999Z
2019-08,24.2,36.3,"4,266",212.9,3.65,"1,344",BTC,10077.442592,12273.8213783,9421.63015965,9630.66384768,11.5,172470743516.18,2019-08-31T23:59:59.999Z
2019-07,20.0,28.2,"3,388",263.9,4.15,"1,193",BTC,10796.9306183,13129.5289339,9163.13464449,10085.6277491,16.6,180028959602.82,2019-07-31T23:59:59.999Z
2019-06,24.2,32.9,"3,997",291.4,4.37,"1,329",BTC,8573.83972489,13796.4890807,7564.48860353,10817.1555981,27.3,192442065810.22,2019-06-30T23:59:59.999Z
2019-05,18.6,23.9,"2,965",211.8,3.1,978,BTC,5350.91450555,9008.31456846,5347.6461061,8574.50164907,25.4,152059886413.55,2019-05-31T23:59:59.999Z
2019-04,20.2,25.9,"3,120",237.9,3.58,985,BTC,4105.36242087,5642.04459312,4096.90125463,5350.72669668,13.9,94573826827.48,2019-04-30T23:59:59.999Z
2019-03,19.9,25.9,"2,967",246.6,3.78,"1,012",BTC,3853.75713203,4296.8066502,3733.74966077,4105.40429618,9.0,72339379035.95,2019-03-31T23:59:59.999Z
2019-02,18.4,24.3,"2,950",197.2,3.12,802,BTC,3460.54712403,4210.64175454,3391.02375248,3854.78528208,8.4,67704774107.03,2019-02-28T23:59:59.999Z
2019-01,19.6,25.3,"2,957",288.1,4.49,917,BTC,3746.71338747,4109.02106516,3400.81972619,3457.79274724,5.8,60553903927.49,2019-01-31T23:59:59.999Z
2018-12,23.5,29.4,"3,318",261.8,3.85,"1,082",BTC,4024.46424203,4309.37731216,3191.30356157,3742.70033544,4.7,65331499157.74,2018-12-31T23:59:59.999Z
2018-11,18.4,22.5,"2,809",220.2,3.16,985,BTC,6318.14,6552.16,3585.06,4017.26845712,6.0,69904637061.28,2018-11-30T23:59:59.999Z
2018-10,18.7,22.7,"2,985",211.4,3.08,842,BTC,6619.85,6965.06,6236.47,6317.61,4.2,109627117226.0,2018-10-31T23:59:59.999Z
2018-09,18.9,22.6,"2,662",218.0,3.11,817,BTC,7044.81,7388.43,6197.52,6625.56,4.0,114608519470.0,2018-09-30T23:59:59.999Z
2018-08,18.9,22.8,"2,906",180.9,2.71,899,BTC,7769.04,7769.04,5971.05,7037.58,4.5,121346613238.0,2018-08-31T23:59:59.999Z
2018-07,19.2,23.8,"2,851",210.0,3.3,904,BTC,6411.6801757813,8424.26953125,6136.419921875,7780.44,5.3,133688476220.0,2018-07-31T23:59:59.999Z
2018-06,20.0,25.6,"2,618",229.1,3.79,"1,004",BTC,7500.7001953125,7754.8901367188,5826.41015625,6404.0,4.5,109665618200.0,2018-06-30T23:59:59.999Z
2018-05,17.9,23.4,"2,733",231.9,3.82,931,BTC,9251.4697265625,9964.5,7090.6801757813,7494.169921875,5.1,127902999390.0,2018-05-31T23:59:59.999Z
2018-04,20.5,27.4,"2,986",248.8,4.13,"1,050",BTC,7003.0600585938,9745.3203125,6526.8701171875,9240.5498046875,8.7,157163847314.0,2018-04-30T23:59:59.999Z
2018-03,18.7,24.8,"2,704",198.8,3.27,834,BTC,10385.0,11704.099609375,6683.9301757813,6973.5297851563,4.6,118204645927.0,2018-03-31T23:59:59.999Z
2018-02,19.0,25.3,"2,729",233.4,3.89,954,BTC,10237.2998046875,11958.5,6048.259765625,10397.900390625,6.9,175644310997.0,2018-02-28T23:59:59.999Z
2018-01,22.3,29.8,"3,215",306.4,5.26,"1,096",BTC,14112.2001953125,17712.400390625,9402.2900390625,10221.099609375,8.0,172099559942.0,2018-01-31T23:59:59.999Z
2017-12,26.8,33.8,"2,986",326.1,5.27,"1,080",BTC,10198.599609375,20089.0,9694.650390625,14156.400390625,12.1,237465823980.0,2017-12-31T23:59:59.999Z
2017-11,20.2,25.9,"2,659",241.7,4.11,"1,083",BTC,6440.9702148438,11517.400390625,5519.009765625,10233.599609375,8.3,171020085600.0,2017-11-30T23:59:59.999Z
2017-10,19.8,25.3,"2,476",260.6,4.41,772,BTC,4341.0498046875,6470.4301757813,4164.0498046875,6468.3999023438,2.3,107743731291.0,2017-10-31T23:59:59.999Z
2017-09,22.1,29.0,"3,285",225.4,3.93,857,BTC,4701.759765625,4975.0400390625,2946.6201171875,4338.7099609375,1.2,72008428789.3,2017-09-30T23:59:59.999Z
2017-08,18.5,23.7,"2,979",190.3,3.22,957,BTC,2871.3000488281,4736.0498046875,2668.5900878906,4703.3901367188,1.9,77775374624.8,2017-08-31T23:59:59.999Z
2017-07,20.0,24.7,"2,800",207.1,3.34,939,BTC,2492.6000976563,2916.1398925781,1843.0300292969,2875.3400878906,0.9,47388334773.0,2017-07-31T23:59:59.999Z
2017-06,21.0,26.5,"2,811",203.7,3.45,892,BTC,2288.330078125,2999.9099121094,2212.9599609375,2480.8400878906,0.9,40735082695.0,2017-06-30T23:59:59.999Z
2017-05,20.8,25.8,"2,696",265.7,4.45,"1,029",BTC,1348.3000488281,2763.7099609375,1348.3000488281,2286.4099121094,1.5,37414813240.0,2017-05-31T23:59:59.999Z
2017-04,21.8,27.6,"3,059",218.3,3.94,"1,132",BTC,1071.7099609375,1347.9100341797,1061.0899658203,1347.8900146484,0.4,21975104908.9,2017-04-30T23:59:59.999Z
2017-03,18.1,22.2,"3,058",203.2,3.57,924,BTC,1180.0400390625,1280.3100585938,903.7130126953,1071.7900390625,0.4,17414322807.7,2017-03-31T23:59:59.999Z
2017-02,18.8,23.2,"2,838",171.6,3.07,"1,007",BTC,970.9409790039,1200.3900146484,946.6909790039,1179.9699707031,0.2,19103684800.8,2017-02-28T23:59:59.999Z
2017-01,20.5,24.4,"3,070",207.5,3.49,966,BTC,963.6580200195,1191.0999755859,755.7559814453,970.4030151367,0.2,15659186515.2,2017-01-31T23:59:59.999Z
2016-12,24.2,27.9,"3,072",218.1,3.57,"1,027",BTC,746.0460205078,979.3969726563,746.0460205078,963.742980957,0.1,15492554222.2,2016-12-31T23:59:59.999Z
2016-11,22.2,27.5,"3,773",157.6,2.74,783,BTC,701.3369750977,756.2369995117,678.1560058594,745.6909790039,0.1,11943536630.3,2016-11-30T23:59:59.999Z
2016-10,18.6,23.5,"2,672",193.6,3.43,708,BTC,609.9290161133,720.4019775391,609.4790039063,700.9719848633,0.1,11181852070.1,2016-10-31T23:59:59.999Z
2016-09,17.0,22.6,"2,777",179.2,3.46,691,BTC,575.5460205078,628.8179931641,570.8109741211,609.7349853516,0.1,9693198750.06,2016-09-30T23:59:59.999Z
2016-08,18.8,25.2,"2,736",179.8,3.53,757,BTC,624.6019897461,626.1190185547,531.333984375,575.4719848633,0.1,9117106216.7,2016-08-31T23:59:59.999Z
2016-07,19.5,26.1,"2,990",178.5,3.56,881,BTC,672.5150146484,704.9680175781,611.833984375,624.6810302734,0.1,9861866432.96,2016-07-31T23:59:59.999Z
2016-06,19.6,25.0,"3,086",165.5,2.84,672,BTC,531.1069946289,777.9899902344,525.6359863281,673.3369750977,0.1,10583527799.4,2016-06-30T23:59:59.999Z
2016-05,18.6,23.5,"3,306",182.2,3.08,690,BTC,448.4840087891,553.9600219727,437.3890075684,531.3859863281,0.1,8293035755.05,2016-05-31T23:59:59.999Z
2016-04,16.5,20.5,"2,798",175.4,2.85,798,BTC,416.7600097656,467.9649963379,415.8309936523,448.3179931641,0.1,6944860514.15,2016-04-30T23:59:59.999Z
2016-03,19.4,24.2,"3,297",135.1,2.08,695,BTC,437.9169921875,439.6530151367,394.0350036621,416.7290039063,0.1,6409062819.05,2016-03-31T23:59:59.999Z
2016-02,21.1,25.3,"3,077",140.9,2.12,674,BTC,369.3500061035,448.0459899902,367.9570007324,437.6969909668,0.1,6681444705.0,2016-02-29T23:59:59.999Z
2016-01,18.7,20.5,"2,643",156.0,2.19,676,BTC,430.7210083008,462.9339904785,354.9140014648,368.766998291,0.0,5587253351.23,2016-01-31T23:59:59.999Z
2015-12,23.6,25.2,"2,702",166.1,2.33,732,BTC,377.4140014648,469.1029968262,349.4649963379,430.566986084,0.0,6471217490.68,2015-12-31T23:59:59.999Z
2015-11,17.3,18.7,"2,706",154.6,2.24,714,BTC,315.0050048828,495.5620117188,300.9970092773,377.3210144043,0.1,5623195996.95,2015-11-30T23:59:59.999Z
2015-10,15.9,18.4,"2,351",136.4,2.14,686,BTC,236.0039978027,334.1690063477,235.6159973145,314.1659851074,0.0,4645486246.35,2015-10-31T23:59:59.999Z
2015-09,15.6,17.5,"2,352",163.4,2.41,691,BTC,230.2559967041,259.1820068359,225.1170043945,236.0599975586,0.0,3463625759.0,2015-09-30T23:59:59.999Z
2015-08,17.7,19.7,"2,798",142.2,2.12,712,BTC,284.6860046387,285.7149963379,199.5670013428,230.0559997559,0.0,3349845416.0,2015-08-31T23:59:59.999Z
2015-07,16.6,18.8,"2,602",155.2,2.34,644,BTC,263.3450012207,314.3940124512,253.5050048828,284.6499938965,0.0,4112089481.25,2015-07-31T23:59:59.999Z
2015-06,16.5,19.5,"2,324",134.3,2.16,623,BTC,230.233001709,267.8670043945,221.296005249,263.0719909668,0.0,3770229521.6,2015-06-30T23:59:59.999Z
2015-05,17.3,20.7,"2,646",148.3,2.49,684,BTC,235.9389953613,247.8040008545,228.5729980469,230.1900024414,0.0,3273756425.25,2015-05-31T23:59:59.999Z
2015-04,16.9,20.2,"2,701",112.9,1.84,620,BTC,244.2230072021,261.7980041504,214.8739929199,236.1450042725,0.0,3332094504.38,2015-04-30T23:59:59.999Z
2015-03,18.7,22.1,"3,061",149.7,2.43,697,BTC,254.2830047607,300.0440063477,236.5149993896,244.2239990234,0.0,3420112896.0,2015-03-31T23:59:59.999Z
2015-02,17.8,21.8,"2,965",142.6,2.4,663,BTC,216.8670043945,265.6109924316,212.0149993896,254.2630004883,0.0,3531776635.75,2015-02-28T23:59:59.999Z
2015-01,20.3,25.4,"3,406",145.5,2.49,710,BTC,320.4349975586,320.4349975586,171.5099945068,217.4640045166,0.0,2997692310.6,2015-01-31T23:59:59.999Z
2014-12,19.4,23.4,"3,515",152.8,2.48,795,BTC,378.2489929199,384.0379943848,304.2319946289,320.1929931641,0.0,4377510594.68,2014-12-31T23:59:59.999Z
2014-11,20.7,24.3,"3,494",172.3,2.75,772,BTC,338.6499938965,457.0929870605,320.6260070801,378.0469970703,0.0,5125958175.35,2014-11-30T23:59:59.999Z
2014-10,17.4,21.3,"3,148",135.8,2.33,669,BTC,387.4270019531,411.6979980469,289.2959899902,338.3210144043,0.0,4549893052.45,2014-10-31T23:59:59.999Z
2014-09,16.2,20.0,"4,407",142.2,2.63,775,BTC,477.7869873047,493.9280090332,372.2399902344,386.9440002441,0.0,5158621324.8,2014-09-30T23:59:59.999Z
2014-08,18.0,23.3,"5,198",121.0,2.4,709,BTC,586.2020263672,598.116027832,443.8510131836,477.7630004883,0.0,6312801959.75,2014-08-31T23:59:59.999Z
2014-07,17.9,23.5,"4,184",121.7,2.55,719,BTC,641.3909912109,657.8579711914,564.5109863281,586.2349853516,0.0,7670841007.38,2014-07-31T23:59:59.999Z
2014-06,17.9,22.9,"4,049",163.4,3.23,843,BTC,623.6929931641,674.1110229492,549.8209838867,639.7969970703,0.0,8296103744.68,2014-06-30T23:59:59.999Z
2014-05,19.0,24.4,"4,744",136.9,2.65,898,BTC,447.6329956055,624.7150268555,423.2510070801,623.6770019531,0.0,8007248675.68,2014-05-31T23:59:59.999Z
2014-04,19.6,25.4,"4,728",122.1,2.41,732,BTC,457.0,542.3779907227,351.2720031738,447.6449890137,0.0,5690810164.88,2014-04-30T23:59:59.999Z
2014-03,18.9,25.3,"4,738",134.0,2.78,779,BTC,549.9199829102,702.9099731445,443.3649902344,457.0010070801,0.0,5752294437.05,2014-03-31T23:59:59.999Z
2014-02,17.8,23.2,"4,503",185.7,3.87,907,BTC,828.6099853516,853.5200195313,420.4100036621,549.2600097656,0.0,6843353923.5,2014-02-28T23:59:59.999Z
2014-01,16.8,20.9,"3,770",144.7,2.88,733,BTC,754.9699707031,1017.1199951172,754.9699707031,829.9199829102,0.0,10238411820.0,2014-01-31T23:59:59.999Z
2013-12,20.0,24.5,"4,741",168.0,3.29,828,BTC,1128.9200439453,1156.1199951172,420.5100097656,754.0100097656,0.0,9191325349.25,2013-12-31T23:59:59.999Z
2013-11,17.5,22.3,"3,721",110.5,2.29,764,BTC,203.8999938965,1156.1400146484,201.6499938965,1129.4300537109,0.0,13620389320.8,2013-11-30T23:59:59.999Z
2013-10,17.4,22.9,"4,815",110.1,2.41,769,BTC,132.6799926758,217.4199981689,102.25,204.0,0.0,2433658800.0,2013-10-31T23:59:59.999Z
2013-09,18.5,25.0,"5,034",137.4,3.1,902,BTC,135.1399993896,146.5,118.4599990845,133.0,0.0,1566038425.0,2013-09-30T23:59:59.999Z
2013-08,22.2,29.9,"5,172",122.4,2.67,"1,096",BTC,106.2129974365,140.8899993896,101.2109985352,135.3500061035,0.0,1574672051.25,2013-08-31T23:59:59.999Z
2013-07,23.2,29.8,5613,122.7,2.4,862,BTC,97.5100021362,111.34400177,65.5260009766,106.0899963379,0.0,1218777833.5,2013-07-31T23:59:59.999Z
2013-06,29.0,38.9,4624,153.3,3.2,900,BTC,128.8150024414,129.7799987793,88.5,96.6139984131,0.0,1096957771.35,2013-06-30T23:59:59.999Z
2013-05,28.2,39.8,5088,142.6,3.3,1027,BTC,139.0,139.8899993896,79.0999984741,129.0,0.0,1447870200.0,2013-05-31T23:59:59.999Z
2013-04,24.1,35.8,5395,165.2,4.2,1007,BTC,135.3000030518,147.4880065918,132.1000061035,139.0,0.0,1542813125.0,2013-04-30T23:59:59.999Z
